<?xml version="1.0" encoding="UTF-8"?>
<project-private xmlns="http://www.netbeans.org/ns/project-private/1">
    <editor-bookmarks xmlns="http://www.netbeans.org/ns/editor-bookmarks/2" lastBookmarkId="0"/>
    <open-files xmlns="http://www.netbeans.org/ns/projectui-open-files/2">
        <group>
            <file>file:/D:/OneDrive%20-%20The%20British%20University%20in%20Egypt/Documents/NetBeansProjects/group_7_online_amusement_park_reservation_system/src/group_7_online_amusement_park_reservation_system/RemoveStaff.java</file>
            <file>file:/D:/OneDrive%20-%20The%20British%20University%20in%20Egypt/Documents/NetBeansProjects/group_7_online_amusement_park_reservation_system/src/group_7_online_amusement_park_reservation_system/Ticket.java</file>
            <file>file:/D:/OneDrive%20-%20The%20British%20University%20in%20Egypt/Documents/NetBeansProjects/group_7_online_amusement_park_reservation_system/src/group_7_online_amusement_park_reservation_system/Customer_sign_inGUI.java</file>
            <file>file:/D:/OneDrive%20-%20The%20British%20University%20in%20Egypt/Documents/NetBeansProjects/group_7_online_amusement_park_reservation_system/src/group_7_online_amusement_park_reservation_system/LocateChildForm.java</file>
            <file>file:/D:/OneDrive%20-%20The%20British%20University%20in%20Egypt/Documents/NetBeansProjects/group_7_online_amusement_park_reservation_system/test/testing/Test_Functionality.java</file>
            <file>file:/D:/OneDrive%20-%20The%20British%20University%20in%20Egypt/Documents/NetBeansProjects/group_7_online_amusement_park_reservation_system/src/group_7_online_amusement_park_reservation_system/RemoveStrategy.java</file>
            <file>file:/D:/OneDrive%20-%20The%20British%20University%20in%20Egypt/Documents/NetBeansProjects/group_7_online_amusement_park_reservation_system/src/group_7_online_amusement_park_reservation_system/Child.java</file>
            <file>file:/D:/OneDrive%20-%20The%20British%20University%20in%20Egypt/Documents/NetBeansProjects/group_7_online_amusement_park_reservation_system/src/group_7_online_amusement_park_reservation_system/SignUp.java</file>
            <file>file:/D:/OneDrive%20-%20The%20British%20University%20in%20Egypt/Documents/NetBeansProjects/group_7_online_amusement_park_reservation_system/src/group_7_online_amusement_park_reservation_system/DiscountDecorator.java</file>
            <file>file:/D:/OneDrive%20-%20The%20British%20University%20in%20Egypt/Documents/NetBeansProjects/group_7_online_amusement_park_reservation_system/src/group_7_online_amusement_park_reservation_system/Staff.java</file>
            <file>file:/D:/OneDrive%20-%20The%20British%20University%20in%20Egypt/Documents/NetBeansProjects/group_7_online_amusement_park_reservation_system/src/group_7_online_amusement_park_reservation_system/reservationGUI.java</file>
            <file>file:/D:/OneDrive%20-%20The%20British%20University%20in%20Egypt/Documents/NetBeansProjects/group_7_online_amusement_park_reservation_system/src/group_7_online_amusement_park_reservation_system/DB.java</file>
            <file>file:/D:/OneDrive%20-%20The%20British%20University%20in%20Egypt/Documents/NetBeansProjects/group_7_online_amusement_park_reservation_system/src/group_7_online_amusement_park_reservation_system/PaymentController.java</file>
            <file>file:/D:/OneDrive%20-%20The%20British%20University%20in%20Egypt/Documents/NetBeansProjects/group_7_online_amusement_park_reservation_system/src/group_7_online_amusement_park_reservation_system/OLDcustomer.java</file>
            <file>file:/D:/OneDrive%20-%20The%20British%20University%20in%20Egypt/Documents/NetBeansProjects/group_7_online_amusement_park_reservation_system/src/group_7_online_amusement_park_reservation_system/Feedbackform.java</file>
            <file>file:/D:/OneDrive%20-%20The%20British%20University%20in%20Egypt/Documents/NetBeansProjects/group_7_online_amusement_park_reservation_system/src/group_7_online_amusement_park_reservation_system/BanUser.java</file>
            <file>file:/D:/OneDrive%20-%20The%20British%20University%20in%20Egypt/Documents/NetBeansProjects/group_7_online_amusement_park_reservation_system/src/group_7_online_amusement_park_reservation_system/Feedback.java</file>
            <file>file:/D:/OneDrive%20-%20The%20British%20University%20in%20Egypt/Documents/NetBeansProjects/group_7_online_amusement_park_reservation_system/src/group_7_online_amusement_park_reservation_system/Group_7_Online_Amusement_Park_Reservation_System.java</file>
            <file>file:/D:/OneDrive%20-%20The%20British%20University%20in%20Egypt/Documents/NetBeansProjects/group_7_online_amusement_park_reservation_system/src/group_7_online_amusement_park_reservation_system/RFIDsystem.java</file>
            <file>file:/D:/OneDrive%20-%20The%20British%20University%20in%20Egypt/Documents/NetBeansProjects/group_7_online_amusement_park_reservation_system/src/group_7_online_amusement_park_reservation_system/PaymentDecorator.java</file>
            <file>file:/D:/OneDrive%20-%20The%20British%20University%20in%20Egypt/Documents/NetBeansProjects/group_7_online_amusement_park_reservation_system/src/group_7_online_amusement_park_reservation_system/MainGUI.java</file>
            <file>file:/D:/OneDrive%20-%20The%20British%20University%20in%20Egypt/Documents/NetBeansProjects/group_7_online_amusement_park_reservation_system/src/group_7_online_amusement_park_reservation_system/TicketGUI.java</file>
            <file>file:/D:/OneDrive%20-%20The%20British%20University%20in%20Egypt/Documents/NetBeansProjects/group_7_online_amusement_park_reservation_system/src/group_7_online_amusement_park_reservation_system/Customer.java</file>
            <file>file:/D:/OneDrive%20-%20The%20British%20University%20in%20Egypt/Documents/NetBeansProjects/group_7_online_amusement_park_reservation_system/src/group_7_online_amusement_park_reservation_system/CustomerGUI.java</file>
            <file>file:/D:/OneDrive%20-%20The%20British%20University%20in%20Egypt/Documents/NetBeansProjects/group_7_online_amusement_park_reservation_system/src/group_7_online_amusement_park_reservation_system/PaymentComponent.java</file>
            <file>file:/D:/OneDrive%20-%20The%20British%20University%20in%20Egypt/Documents/NetBeansProjects/group_7_online_amusement_park_reservation_system/src/group_7_online_amusement_park_reservation_system/PaymentUI.java</file>
            <file>file:/D:/OneDrive%20-%20The%20British%20University%20in%20Egypt/Documents/NetBeansProjects/group_7_online_amusement_park_reservation_system/src/group_7_online_amusement_park_reservation_system/AddStaff.java</file>
            <file>file:/D:/OneDrive%20-%20The%20British%20University%20in%20Egypt/Documents/NetBeansProjects/group_7_online_amusement_park_reservation_system/src/group_7_online_amusement_park_reservation_system/Reservation.java</file>
            <file>file:/D:/OneDrive%20-%20The%20British%20University%20in%20Egypt/Documents/NetBeansProjects/group_7_online_amusement_park_reservation_system/src/group_7_online_amusement_park_reservation_system/AddAdmin.java</file>
            <file>file:/D:/OneDrive%20-%20The%20British%20University%20in%20Egypt/Documents/NetBeansProjects/group_7_online_amusement_park_reservation_system/src/group_7_online_amusement_park_reservation_system/AdminSignIN_UP.java</file>
            <file>file:/D:/OneDrive%20-%20The%20British%20University%20in%20Egypt/Documents/NetBeansProjects/group_7_online_amusement_park_reservation_system/src/group_7_online_amusement_park_reservation_system/CashBackDecorator.java</file>
            <file>file:/D:/OneDrive%20-%20The%20British%20University%20in%20Egypt/Documents/NetBeansProjects/group_7_online_amusement_park_reservation_system/src/group_7_online_amusement_park_reservation_system/ScheduleContext.java</file>
            <file>file:/D:/OneDrive%20-%20The%20British%20University%20in%20Egypt/Documents/NetBeansProjects/group_7_online_amusement_park_reservation_system/src/group_7_online_amusement_park_reservation_system/AdminLogIN.java</file>
            <file>file:/D:/OneDrive%20-%20The%20British%20University%20in%20Egypt/Documents/NetBeansProjects/group_7_online_amusement_park_reservation_system/src/group_7_online_amusement_park_reservation_system/LocateChildController.java</file>
            <file>file:/D:/OneDrive%20-%20The%20British%20University%20in%20Egypt/Documents/NetBeansProjects/group_7_online_amusement_park_reservation_system/src/group_7_online_amusement_park_reservation_system/MapSystem.java</file>
            <file>file:/D:/OneDrive%20-%20The%20British%20University%20in%20Egypt/Documents/NetBeansProjects/group_7_online_amusement_park_reservation_system/src/group_7_online_amusement_park_reservation_system/Activity.java</file>
            <file>file:/D:/OneDrive%20-%20The%20British%20University%20in%20Egypt/Documents/NetBeansProjects/group_7_online_amusement_park_reservation_system/src/group_7_online_amusement_park_reservation_system/Admin.java</file>
            <file>file:/D:/OneDrive%20-%20The%20British%20University%20in%20Egypt/Documents/NetBeansProjects/group_7_online_amusement_park_reservation_system/src/group_7_online_amusement_park_reservation_system/MapController.java</file>
            <file>file:/D:/OneDrive%20-%20The%20British%20University%20in%20Egypt/Documents/NetBeansProjects/group_7_online_amusement_park_reservation_system/src/group_7_online_amusement_park_reservation_system/Payment.java</file>
            <file>file:/D:/OneDrive%20-%20The%20British%20University%20in%20Egypt/Documents/NetBeansProjects/group_7_online_amusement_park_reservation_system/src/group_7_online_amusement_park_reservation_system/ManageActivityForm.java</file>
            <file>file:/D:/OneDrive%20-%20The%20British%20University%20in%20Egypt/Documents/NetBeansProjects/group_7_online_amusement_park_reservation_system/src/group_7_online_amusement_park_reservation_system/AvailableState.java</file>
            <file>file:/D:/OneDrive%20-%20The%20British%20University%20in%20Egypt/Documents/NetBeansProjects/group_7_online_amusement_park_reservation_system/src/group_7_online_amusement_park_reservation_system/SwitchedState.java</file>
            <file>file:/D:/OneDrive%20-%20The%20British%20University%20in%20Egypt/Documents/NetBeansProjects/group_7_online_amusement_park_reservation_system/src/group_7_online_amusement_park_reservation_system/ScheduleForm.java</file>
            <file>file:/D:/OneDrive%20-%20The%20British%20University%20in%20Egypt/Documents/NetBeansProjects/group_7_online_amusement_park_reservation_system/src/group_7_online_amusement_park_reservation_system/AdminMenu.java</file>
        </group>
    </open-files>
</project-private>
